Date,Time,Players,Favorites,Visits,Created,Updated,Genre,MaxPlayers
01/09/2021,0:44:16,726,112,405,12,226,448,9/7/2020,1/6/2021,Comedy,20
01/09/2021,0:44:16,726,112,405,12,226,448,9/7/2020,1/6/2021,Comedy,20
01/09/2021,0:44:17,726,112,405,12,226,448,9/7/2020,1/6/2021,Comedy,20
01/09/2021,0:44:18,726,112,405,12,226,448,9/7/2020,1/6/2021,Comedy,20
01/09/2021,0:44:19,726,112,405,12,226,448,9/7/2020,1/6/2021,Comedy,20
01/09/2021,0:44:21,726,112,405,12,226,448,9/7/2020,1/6/2021,Comedy,20
01/09/2021,0:44:21,726,112,405,12,226,448,9/7/2020,1/6/2021,Comedy,20
01/09/2021,0:44:22,726,112,405,12,226,448,9/7/2020,1/6/2021,Comedy,20
01/09/2021,0:44:23,726,112,405,12,226,448,9/7/2020,1/6/2021,Comedy,20
01/09/2021,0:44:24,726,112,405,12,226,448,9/7/2020,1/6/2021,Comedy,20
01/09/2021,0:44:26,726,112,405,12,226,448,9/7/2020,1/6/2021,Comedy,20
01/09/2021,0:44:26,726,112,405,12,226,448,9/7/2020,1/6/2021,Comedy,20
01/09/2021,0:44:27,726,112,405,12,226,448,9/7/2020,1/6/2021,Comedy,20
01/09/2021,0:44:29,726,112,405,12,226,448,9/7/2020,1/6/2021,Comedy,20
01/09/2021,0:44:29,726,112,405,12,226,448,9/7/2020,1/6/2021,Comedy,20
01/09/2021,0:44:30,726,112,405,12,226,448,9/7/2020,1/6/2021,Comedy,20
01/09/2021,0:44:31,726,112,405,12,226,448,9/7/2020,1/6/2021,Comedy,20
01/09/2021,0:44:32,726,112,405,12,226,448,9/7/2020,1/6/2021,Comedy,20
01/09/2021,0:44:33,726,112,405,12,226,448,9/7/2020,1/6/2021,Comedy,20
01/09/2021,0:44:34,726,112,405,12,226,448,9/7/2020,1/6/2021,Comedy,20
01/09/2021,0:44:35,726,112,405,12,226,448,9/7/2020,1/6/2021,Comedy,20
01/09/2021,0:44:36,726,112,405,12,226,448,9/7/2020,1/6/2021,Comedy,20
01/09/2021,0:44:37,726,112,405,12,226,448,9/7/2020,1/6/2021,Comedy,20
01/09/2021,0:44:38,726,112,405,12,226,448,9/7/2020,1/6/2021,Comedy,20
01/09/2021,0:44:40,726,112,405,12,226,448,9/7/2020,1/6/2021,Comedy,20
01/09/2021,0:44:40,726,112,405,12,226,448,9/7/2020,1/6/2021,Comedy,20
01/09/2021,0:44:42,726,112,405,12,226,448,9/7/2020,1/6/2021,Comedy,20
01/09/2021,0:44:43,726,112,405,12,226,448,9/7/2020,1/6/2021,Comedy,20
01/09/2021,0:44:44,726,112,405,12,226,448,9/7/2020,1/6/2021,Comedy,20
01/09/2021,0:44:45,726,112,405,12,226,448,9/7/2020,1/6/2021,Comedy,20
01/09/2021,0:44:45,726,112,405,12,226,448,9/7/2020,1/6/2021,Comedy,20
01/09/2021,0:44:46,726,112,405,12,226,448,9/7/2020,1/6/2021,Comedy,20
01/09/2021,0:44:48,726,112,405,12,226,448,9/7/2020,1/6/2021,Comedy,20
01/09/2021,0:44:48,726,112,405,12,226,448,9/7/2020,1/6/2021,Comedy,20
01/09/2021,0:44:49,726,112,405,12,226,448,9/7/2020,1/6/2021,Comedy,20
01/09/2021,0:44:50,726,112,405,12,226,448,9/7/2020,1/6/2021,Comedy,20
01/09/2021,0:44:51,726,112,405,12,226,495,9/7/2020,1/6/2021,Comedy,20
01/09/2021,0:44:53,726,112,405,12,226,495,9/7/2020,1/6/2021,Comedy,20
01/09/2021,0:44:54,726,112,405,12,226,495,9/7/2020,1/6/2021,Comedy,20
01/09/2021,0:44:54,726,112,405,12,226,495,9/7/2020,1/6/2021,Comedy,20
01/09/2021,10:41:5,920,112,630,12,266,394,9/7/2020,1/6/2021,Comedy,20
01/09/2021,10:42:5,902,112,631,12,266,451,9/7/2020,1/6/2021,Comedy,20
01/09/2021,10:43:5,902,112,633,12,266,518,9/7/2020,1/6/2021,Comedy,20
01/09/2021,10:44:5,902,112,633,12,266,591,9/7/2020,1/6/2021,Comedy,20
01/09/2021,10:45:5,900,112,634,12,266,646,9/7/2020,1/6/2021,Comedy,20
01/09/2021,10:46:5,900,112,634,12,266,716,9/7/2020,1/6/2021,Comedy,20
01/09/2021,10:47:5,900,112,635,12,266,716,9/7/2020,1/6/2021,Comedy,20
01/09/2021,10:48:5,889,112,636,12,266,856,9/7/2020,1/6/2021,Comedy,20
01/09/2021,10:50:26,891,112,636,12,266,981,9/7/2020,1/6/2021,Comedy,20
1/9/2021,10:51:24,891,112,637,12,267,066,9/7/2020,1/6/2021,Comedy,20
1/9/2021,11:02:23,924,112,641,12,267,740,9/7/2020,1/6/2021,Comedy,20
1/9/2021,11:03:23,926,112,641,12,267,740,9/7/2020,1/6/2021,Comedy,20
1/9/2021,11:04:23,926,112,641,12,267,898,9/7/2020,1/6/2021,Comedy,20
1/9/2021,11:05:23,926,112,644,12,267,898,9/7/2020,1/6/2021,Comedy,20
1/9/2021,11:06:23,918,112,646,12,268,038,9/7/2020,1/6/2021,Comedy,20
1/9/2021,11:07:23,918,112,647,12,268,070,9/7/2020,1/6/2021,Comedy,20
1/9/2021,11:08:23,885,112,648,12,268,143,9/7/2020,1/6/2021,Comedy,20
1/9/2021,11:14:40,900,112,653,12,268,572,9/7/2020,1/6/2021,Comedy,20
1/9/2021,11:31:02,864,112,663,12,269,535,,,Comedy,20
1/9/2021,11:51:39,852,112,675,12,270,939,9/7/2020,1/6/2021,Comedy,20
1/9/2021,11:53:18,855,112,677,12,271,066,9/7/2020,1/6/2021,Comedy,20
